{
  "sea_level": 0,
  "disable_mob_generation": true,
  "aquifers_enabled": false,
  "ore_veins_enabled": false,
  "legacy_random_source": true,
  "default_block": {
    "Name": "minecraft:end_stone"
  },
  "default_fluid": {
    "Name": "minecraft:air"
  },
  "noise": {
    "min_y": 0,
    "height": 128,
    "size_horizontal": 2,
    "size_vertical": 1,
    "sampling": {
      "xz_scale": 2,
      "y_scale": 1,
      "xz_factor": 80,
      "y_factor": 160
    },
    "bottom_slide": {
      "target": -0.234375,
      "size": 7,
      "offset": 1
    },
    "top_slide": {
      "target": -23.4375,
      "size": 64,
      "offset": -46
    },
    "terrain_shaper": {
      "offset": 0,
      "factor": 1,
      "jaggedness": 0
    }
  },
  "surface_rule": {
    "type": "minecraft:sequence",
    "sequence": [
      {
        "type": "minecraft:condition",
        "if_true": {
          "type": "minecraft:not",
          "invert": {
            "type": "minecraft:biome",
            "biome_is": [
              "minecraft:the_end"
            ]
          }
        },
        "then_run": {
          "type": "minecraft:block",
          "result_state": {
            "Name": "minecraft:air"
          }
        }
      },
      {
        "type": "minecraft:block",
        "result_state": {
          "Name": "minecraft:end_stone"
        }
      }
    ]
  },
  "noise_router": {
    "final_density": {
      "argument": {
        "argument1": 0.64,
        "argument2": {
          "argument": {
            "argument": {
              "argument": "minecraft:end/sloped_cheese",
              "type": "minecraft:slide"
            },
            "type": "minecraft:blend_density"
          },
          "type": "minecraft:interpolated"
        },
        "type": "minecraft:mul"
      },
      "type": "minecraft:squeeze"
    },
    "vein_toggle": 0,
    "vein_ridged": 0,
    "vein_gap": 0,
    "erosion": 0,
    "depth": 0,
    "ridges": 0,
    "initial_density_without_jaggedness": {
      "argument": {
        "type": "minecraft:end_islands"
      },
      "type": "minecraft:cache_2d"
    },
    "lava": 0,
    "temperature": 0,
    "vegetation": 0,
    "continents": 0,
    "barrier": 0,
    "fluid_level_floodedness": 0,
    "fluid_level_spread": 0
  }
}
