{
  "sea_level": -96,
  "disable_mob_generation": false,
  "aquifers_enabled": false,
  "ore_veins_enabled": false,
  "legacy_random_source": false,
  "default_block": {
    "Name": "minecraft:end_stone"
  },
  "default_fluid": {
    "Name": "minecraft:air"
  },
  "noise": {
    "min_y": 0,
    "height": 288,
    "size_horizontal": 1,
    "size_vertical": 1,
    "sampling": {
      "xz_scale": 0.875,
      "y_scale": 1.65,
      "xz_factor": 300,
      "y_factor": 225
    },
    "bottom_slide": {
      "target": -8,
      "size": 13,
      "offset": -6
    },
    "top_slide": {
      "target": -10,
      "size": 64,
      "offset": -50
    },
    "terrain_shaper": {
      "offset": {
        "coordinate": "continents",
        "points": [
          {
            "location": 0,
            "derivative": 0,
            "value": {
              "coordinate": "erosion",
              "points": [
                {
                  "location": -0.15,
                  "derivative": 0,
                  "value": -0.65
                },
                {
                  "location": 0,
                  "derivative": 0,
                  "value": -4
                },
                {
                  "location": 0.15,
                  "derivative": 0,
                  "value": -0.7
                }
              ]
            }
          },
          {
            "location": 0.15,
            "derivative": 0,
            "value": -0.65
          },
          {
            "location": 0.175,
            "derivative": 0,
            "value": -4
          },
          {
            "location": 0.3,
            "derivative": -0.5,
            "value": {
              "coordinate": "erosion",
              "points": [
                {
                  "location": -0.3,
                  "derivative": 0,
                  "value": {
                    "coordinate": "weirdness",
                    "points": [
                      {
                        "location": -0.7,
                        "derivative": 1,
                        "value": 1.1135
                      },
                      {
                        "location": -0.05,
                        "derivative": -1.75,
                        "value": {
                          "coordinate": "continents",
                          "points": [
                            {
                              "location": 0.3,
                              "derivative": 0.4,
                              "value": -0.2
                            }
                          ]
                        }
                      },
                      {
                        "location": 0.05,
                        "derivative": 1.75,
                        "value": {
                          "coordinate": "continents",
                          "points": [
                            {
                              "location": 0.3,
                              "derivative": 0.4,
                              "value": -0.2
                            }
                          ]
                        }
                      },
                      {
                        "location": 0.7,
                        "derivative": -1,
                        "value": 1.1135
                      }
                    ]
                  }
                },
                {
                  "location": 0,
                  "derivative": 0,
                  "value": {
                    "coordinate": "weirdness",
                    "points": [
                      {
                        "location": -0.4,
                        "derivative": -0.2,
                        "value": -0.085
                      },
                      {
                        "location": -0.2,
                        "derivative": -0.5,
                        "value": -0.35
                      },
                      {
                        "location": -0.15,
                        "derivative": -1,
                        "value": -0.35
                      },
                      {
                        "location": 0.15,
                        "derivative": 1,
                        "value": -0.35
                      },
                      {
                        "location": 0.2,
                        "derivative": 0,
                        "value": -0.1
                      },
                      {
                        "location": 0.4,
                        "derivative": 1,
                        "value": -0.085
                      },
                      {
                        "location": 0.975,
                        "derivative": -1,
                        "value": 0.3
                      }
                    ]
                  }
                },
                {
                  "location": 0.3,
                  "derivative": 0,
                  "value": {
                    "coordinate": "weirdness",
                    "points": [
                      {
                        "location": -0.6,
                        "derivative": 0,
                        "value": {
                          "coordinate": "continents",
                          "points": [
                            {
                              "location": 0.65,
                              "derivative": 0.25,
                              "value": 1
                            }
                          ]
                        }
                      },
                      {
                        "location": -0.575,
                        "derivative": 0,
                        "value": {
                          "coordinate": "erosion",
                          "points": [
                            {
                              "location": -0.4,
                              "derivative": -0.25,
                              "value": 0.66666
                            }
                          ]
                        }
                      },
                      {
                        "location": -0.425,
                        "derivative": 0,
                        "value": {
                          "coordinate": "erosion",
                          "points": [
                            {
                              "location": -0.4,
                              "derivative": -0.25,
                              "value": 0.66
                            }
                          ]
                        }
                      },
                      {
                        "location": -0.4,
                        "derivative": 0,
                        "value": {
                          "coordinate": "continents",
                          "points": [
                            {
                              "location": 0.65,
                              "derivative": -0.25,
                              "value": 0.33
                            }
                          ]
                        }
                      },
                      {
                        "location": -0.225,
                        "derivative": 0,
                        "value": 0.33
                      },
                      {
                        "location": -0.2,
                        "derivative": 0,
                        "value": 0.025
                      },
                      {
                        "location": -0.13,
                        "derivative": 0,
                        "value": 0
                      },
                      {
                        "location": -0.05,
                        "derivative": -1.75,
                        "value": {
                          "coordinate": "continents",
                          "points": [
                            {
                              "location": 0.3,
                              "derivative": 0.4,
                              "value": -0.2
                            }
                          ]
                        }
                      },
                      {
                        "location": 0,
                        "derivative": -0.75,
                        "value": {
                          "coordinate": "continents",
                          "points": [
                            {
                              "location": 0.3,
                              "derivative": 0.4,
                              "value": -0.2
                            }
                          ]
                        }
                      }
                    ]
                  }
                }
              ]
            }
          }
        ]
      },
      "factor": {
        "coordinate": "continents",
        "points": [
          {
            "location": 0.15,
            "derivative": 0,
            "value": 0.25
          },
          {
            "location": 0.3,
            "derivative": 0,
            "value": 3
          }
        ]
      },
      "jaggedness": {
        "coordinate": "continents",
        "points": [
          {
            "location": 0,
            "derivative": 0,
            "value": {
              "coordinate": "erosion",
              "points": [
                {
                  "location": 0.3,
                  "derivative": 0,
                  "value": 0
                },
                {
                  "location": 0.4,
                  "derivative": 0,
                  "value": {
                    "coordinate": "weirdness",
                    "points": [
                      {
                        "location": 0,
                        "derivative": 1.75,
                        "value": 0
                      }
                    ]
                  }
                }
              ]
            }
          },
          {
            "location": 0.15,
            "derivative": 0,
            "value": 0
          },
          {
            "location": 0.3,
            "derivative": 0,
            "value": {
              "coordinate": "erosion",
              "points": [
                {
                  "location": -0.3,
                  "derivative": 0,
                  "value": {
                    "coordinate": "weirdness",
                    "points": [
                      {
                        "location": -0.5,
                        "derivative": 0,
                        "value": 0.65
                      },
                      {
                        "location": -0.3,
                        "derivative": -3,
                        "value": 0
                      },
                      {
                        "location": 0,
                        "derivative": 0,
                        "value": 0
                      },
                      {
                        "location": 0.3,
                        "derivative": 4,
                        "value": 0
                      },
                      {
                        "location": 0.5,
                        "derivative": 0,
                        "value": 0.85
                      }
                    ]
                  }
                },
                {
                  "location": 0,
                  "derivative": 0,
                  "value": {
                    "coordinate": "weirdness",
                    "points": [
                      {
                        "location": -0.5,
                        "derivative": 0,
                        "value": 0.15
                      },
                      {
                        "location": -0.3,
                        "derivative": 1.5,
                        "value": 0
                      },
                      {
                        "location": 0,
                        "derivative": 0,
                        "value": 0
                      }
                    ]
                  }
                },
                {
                  "location": 0.3,
                  "derivative": 0,
                  "value": {
                    "coordinate": "weirdness",
                    "points": [
                      {
                        "location": -0.5,
                        "derivative": 0,
                        "value": 0
                      },
                      {
                        "location": -0.3,
                        "derivative": 0,
                        "value": 0
                      },
                      {
                        "location": 0,
                        "derivative": 0,
                        "value": 0
                      },
                      {
                        "location": 0.3,
                        "derivative": 0,
                        "value": 0
                      },
                      {
                        "location": 0.5,
                        "derivative": 0,
                        "value": 0
                      }
                    ]
                  }
                }
              ]
            }
          }
        ]
      }
    }
  },
  "surface_rule": {
    "type": "minecraft:sequence",
    "sequence": [
      {
        "type": "minecraft:block",
        "result_state": {
          "Name": "minecraft:end_stone"
        }
      }
    ]
  },
  "noise_router": {
    "final_density": {
      "argument1": {
        "argument": {
          "argument1": 0.64,
          "argument2": {
            "argument": {
              "argument": {
                "argument": {
                  "max_exclusive": 1.5625,
                  "when_in_range": {
                    "argument1": "minecraft:overworld/sloped_cheese",
                    "argument2": {
                      "argument1": 5,
                      "argument2": "minecraft:overworld/caves/entrances",
                      "type": "minecraft:mul"
                    },
                    "type": "minecraft:min"
                  },
                  "when_out_of_range": {
                    "argument1": {
                      "argument1": {
                        "argument1": {
                          "argument1": {
                            "argument1": 4,
                            "argument2": {
                              "argument": {
                                "noise": "minecraft:cave_layer",
                                "xz_scale": 1,
                                "y_scale": 8,
                                "type": "minecraft:noise"
                              },
                              "type": "minecraft:square"
                            },
                            "type": "minecraft:mul"
                          },
                          "argument2": {
                            "argument1": {
                              "input": {
                                "argument1": 0.27,
                                "argument2": {
                                  "noise": "minecraft:cave_cheese",
                                  "xz_scale": 1,
                                  "y_scale": 0.6666666666666666,
                                  "type": "minecraft:noise"
                                },
                                "type": "minecraft:add"
                              },
                              "min": -1,
                              "max": 1,
                              "type": "minecraft:clamp"
                            },
                            "argument2": {
                              "input": {
                                "argument1": 1.5,
                                "argument2": {
                                  "argument1": -0.64,
                                  "argument2": "minecraft:overworld/sloped_cheese",
                                  "type": "minecraft:mul"
                                },
                                "type": "minecraft:add"
                              },
                              "min": 0,
                              "max": 0.5,
                              "type": "minecraft:clamp"
                            },
                            "type": "minecraft:add"
                          },
                          "type": "minecraft:add"
                        },
                        "argument2": "minecraft:overworld/caves/entrances",
                        "type": "minecraft:min"
                      },
                      "argument2": {
                        "argument1": "minecraft:overworld/caves/spaghetti_2d",
                        "argument2": "minecraft:overworld/caves/spaghetti_roughness_function",
                        "type": "minecraft:add"
                      },
                      "type": "minecraft:min"
                    },
                    "argument2": {
                      "max_exclusive": 0.03,
                      "when_in_range": -1000000,
                      "when_out_of_range": "minecraft:overworld/caves/pillars",
                      "input": "minecraft:overworld/caves/pillars",
                      "min_inclusive": -1000000,
                      "type": "minecraft:range_choice"
                    },
                    "type": "minecraft:max"
                  },
                  "input": "minecraft:overworld/sloped_cheese",
                  "min_inclusive": -1000000,
                  "type": "minecraft:range_choice"
                },
                "type": "minecraft:slide"
              },
              "type": "minecraft:blend_density"
            },
            "type": "minecraft:interpolated"
          },
          "type": "minecraft:mul"
        },
        "type": "minecraft:squeeze"
      },
      "argument2": "minecraft:overworld/caves/noodle",
      "type": "minecraft:min"
    },
    "vein_toggle": 0,
    "vein_ridged": 0,
    "vein_gap": 0,
    "erosion": "minecraft:overworld/erosion",
    "depth": "minecraft:overworld/depth",
    "ridges": "minecraft:overworld/ridges",
    "initial_density_without_jaggedness": {
      "argument1": 4,
      "argument2": {
        "argument": {
          "argument1": "minecraft:overworld/depth",
          "argument2": {
            "argument": "minecraft:overworld/factor",
            "type": "minecraft:cache_2d"
          },
          "type": "minecraft:mul"
        },
        "type": "minecraft:quarter_negative"
      },
      "type": "minecraft:mul"
    },
    "lava": 0,
    "temperature": {
      "xz_scale": 0.25,
      "y_scale": 0,
      "noise": "minecraft:temperature",
      "shift_x": "minecraft:shift_x",
      "shift_y": 0,
      "shift_z": "minecraft:shift_z",
      "type": "minecraft:shifted_noise"
    },
    "vegetation": {
      "xz_scale": 0.25,
      "y_scale": 0,
      "noise": "minecraft:vegetation",
      "shift_x": "minecraft:shift_x",
      "shift_y": 0,
      "shift_z": "minecraft:shift_z",
      "type": "minecraft:shifted_noise"
    },
    "continents": "minecraft:overworld/continents",
    "barrier": 0,
    "fluid_level_floodedness": 0,
    "fluid_level_spread": 0
  }
}
