{
    "inputs": [
        {
            "item": "forbidden_arcanus:xpetrified_orb",
            "slot": 0
        },
        {
            "item": "forbidden_arcanus:xpetrified_orb",
            "slot": 1
        },
        {
            "item": "forbidden_arcanus:xpetrified_orb",
            "slot": 4
        },
        {
            "item": "forbidden_arcanus:stellarite_piece",
            "slot": 5
        }
    ],
    "hephaestus_forge_item": "create_enchantment_industry:hyper_experience_bottle",
    "essences": {
        "aureal": 82,
        "blood": 1000,
        "souls": 1
    },
    "result": {
        "item": "forbidden_arcanus:eternal_stella",
        "count": 1
    }
}