{
    "ModSettings": {
        "first_run": false
    },
    "GuiSettings": {
        "enable_inventory_editor_button": {
            "value": false
        },
        "enable_inventory_settings_button": {
            "value": false
        },
        "enable_profiles_ui": {
            "value": false
        }
    },
    "ScrollSettings": {
        "scroll_leave_last": {
            "main": {
                "keys": "LEFT_CONTROL"
            }
        },
        "scroll_spread": {
            "main": {
                "keys": "LEFT_ALT"
            }
        },
        "scroll_throw": {
            "main": {
                "keys": "GRAVE_ACCENT"
            }
        }
    },
    "Hotkeys": {
        "sort_inventory": {
            "main": {
                "keys": "BUTTON_3"
            }
        }
    },
    "Tweaks": {
        "prevent_close_gui_drop_item": {
            "value": true
        }
    }
}